{
	"name": "pipeline1",
	"properties": {
		"activities": [
			{
				"name": "Set variable1",
				"type": "SetVariable",
				"dependsOn": [],
				"policy": {
					"secureOutput": false,
					"secureInput": false
				},
				"userProperties": [],
				"typeProperties": {
					"variableName": "isTrueorfalse",
					"value": {
						"value": "@pipeline().parameters.isbool",
						"type": "Expression"
					}
				}
			},
			{
				"name": "If Condition1",
				"type": "IfCondition",
				"dependsOn": [
					{
						"activity": "Set variable1",
						"dependencyConditions": [
							"Succeeded"
						]
					}
				],
				"userProperties": [],
				"typeProperties": {
					"expression": {
						"value": "@variables('isTrueorfalse')",
						"type": "Expression"
					},
					"ifTrueActivities": [
						{
							"name": "Data flow1",
							"type": "ExecuteDataFlow",
							"dependsOn": [],
							"policy": {
								"timeout": "0.12:00:00",
								"retry": 0,
								"retryIntervalInSeconds": 30,
								"secureOutput": false,
								"secureInput": false
							},
							"userProperties": [],
							"typeProperties": {
								"dataflow": {
									"referenceName": "dataflow2",
									"type": "DataFlowReference"
								},
								"compute": {
									"coreCount": 8,
									"computeType": "General"
								},
								"traceLevel": "Fine"
							}
						}
					]
				}
			}
		],
		"parameters": {
			"isbool": {
				"type": "bool"
			}
		},
		"variables": {
			"isTrueorfalse": {
				"type": "Boolean"
			}
		},
		"annotations": []
	}
}