{
  "name": "AzureBlobStorage1",
  "properties": {
    "annotations": [],
    "type": "AzureBlobStorage",
    "typeProperties": {
      "connectionString": {
        "type": "AzureKeyVaultSecret",
        "store": {
          "referenceName": "AzureKeyVault1",
          "type": "LinkedServiceReference"
        },
        "secretName": "test1"
      },
      "encryptedCredential": {
        "type": "AzureKeyVaultSecret",
        "store": {
          "referenceName": "AzureKeyVault1",
          "type": "LinkedServiceReference"
        },
        "secretName": "test2"
      }
    }
  },
  "type": "Microsoft.DataFactory/factories/linkedservices"
}
